username,user id,access hash,name,group,group id
Almogv,6954241190,-8753861799979833982,Almog Nissan | LETSTOP,ğŸ™ğŸ«§Tako Protocol,1964332806
AsylumReid,41159843,-3775225653435334881,veen kumar,ğŸ™ğŸ«§Tako Protocol,1964332806
alexchenzl,250314927,6471523439262585066,Alex Chen,ğŸ™ğŸ«§Tako Protocol,1964332806
ellisliu,1493937538,8278528565373855593,Ellis,ğŸ™ğŸ«§Tako Protocol,1964332806
A0x11111,1105417340,3887148197524514982,Lynn,ğŸ™ğŸ«§Tako Protocol,1964332806
lucwerzowski,377911918,-223574007292127144,lucas,ğŸ™ğŸ«§Tako Protocol,1964332806
Web3Steve,1328127595,8754901240135954650,Steve | Web 3.0,ğŸ™ğŸ«§Tako Protocol,1964332806
cryptofanatic0,6514178013,4143711457894640358,Rohit Kumar,ğŸ™ğŸ«§Tako Protocol,1964332806
,6381778306,2245094593595007421,Md Shamim,ğŸ™ğŸ«§Tako Protocol,1964332806
JulieTheTako,5734317281,-721964554946919501,JULIEğŸ”µ,ğŸ™ğŸ«§Tako Protocol,1964332806
,1949198673,-6581814660777726860,,ğŸ™ğŸ«§Tako Protocol,1964332806
Maria_8976,5203723707,2011047608397889838,D Maria,ğŸ™ğŸ«§Tako Protocol,1964332806
rayneezy,7102149181,-9146098854248696926,Rayne,ğŸ™ğŸ«§Tako Protocol,1964332806
metabeem,7184621597,6939704474906522918,MetaBeem,ğŸ™ğŸ«§Tako Protocol,1964332806
dev_swaroop,5679290279,2803003327461794861,Dev | Blockchained India,ğŸ™ğŸ«§Tako Protocol,1964332806
tiger_thnp,5030371331,7758519554445623329,Tiger WEB3 ( 9 Cat Digital ),ğŸ™ğŸ«§Tako Protocol,1964332806
Kimhj96,1442947982,4397293916368853432,HJ,ğŸ™ğŸ«§Tako Protocol,1964332806
basecrow,5952253716,4834592346834363880,Tse Chris,ğŸ™ğŸ«§Tako Protocol,1964332806
NaZmuLIslam52666,6447047509,-696421729640340559,Crypto Atom,ğŸ™ğŸ«§Tako Protocol,1964332806
ListingPartner_Kaushal,739622014,3044726274374728034,"Kaushal | CEX Listing Officer | CMC, CG CEX Listing & IEO",ğŸ™ğŸ«§Tako Protocol,1964332806
ezekkious,939254323,5171261812451004998,eze,ğŸ™ğŸ«§Tako Protocol,1964332806
CryptoHead3,1316062803,-8021921270859648888,CryptoHead,ğŸ™ğŸ«§Tako Protocol,1964332806
im_Saqlain,6784679758,5825899564903507268,Saqlain,ğŸ™ğŸ«§Tako Protocol,1964332806
,7137189453,1327941737350233125,Cheng Gao,ğŸ™ğŸ«§Tako Protocol,1964332806
JiniaNayak,5079368650,-6763193261599073469,Jinia Nayak,ğŸ™ğŸ«§Tako Protocol,1964332806
enjayeon,5245048022,-3558073566541564794,Noodle,ğŸ™ğŸ«§Tako Protocol,1964332806
HashJatt,401876325,5890752341668610874,Hash,ğŸ™ğŸ«§Tako Protocol,1964332806
JasonOutland,1665609664,7992948428312471552,Jason Outland,ğŸ™ğŸ«§Tako Protocol,1964332806
apingfeng,1339984503,9085348518198187048,Ping,ğŸ™ğŸ«§Tako Protocol,1964332806
Charchit_web3,1238798645,6654822360788072943,Charchit | VaraNetwork \ MissCall-if-Not-responding,ğŸ™ğŸ«§Tako Protocol,1964332806
takotony,2062252430,5374776812601883946,TonyW ğŸ™ğŸ«§,ğŸ™ğŸ«§Tako Protocol,1964332806
rrrusx,484890967,-40140536812854385,Ruslan,ğŸ™ğŸ«§Tako Protocol,1964332806
HankowNIGE,1002081755,3719179932010670940,jam,ğŸ™ğŸ«§Tako Protocol,1964332806
IC1101Galaxy,5919309954,6351860533457326687,IC1101,ğŸ™ğŸ«§Tako Protocol,1964332806
dddiii0,6126193575,4496459324781634840,D,ğŸ™ğŸ«§Tako Protocol,1964332806
matrix358,631563237,-1164195217928627466,Matrix,ğŸ™ğŸ«§Tako Protocol,1964332806
CoinHuSays,5114552686,-1260862404076014930,CoinHuSayså¸åœˆèƒ¡ä¾ƒ,ğŸ™ğŸ«§Tako Protocol,1964332806
catchiller,737076304,-7573694192737074804,Adita,ğŸ™ğŸ«§Tako Protocol,1964332806
howdy_akshay,209390056,166377791219076871,Akshay Aggarwal | Blockchained India,ğŸ™ğŸ«§Tako Protocol,1964332806
deribet,6882571801,-3924101663684496764,Caesar Deribet,ğŸ™ğŸ«§Tako Protocol,1964332806
,6514839730,-1390139599496242606,é»‘æ¡ƒA123,ğŸ™ğŸ«§Tako Protocol,1964332806
,1854478640,-3577397596366862493,ç‰› å¤§,ğŸ™ğŸ«§Tako Protocol,1964332806
marukomaruko,5025657730,-1285667282975795662,Maruâ†‘,ğŸ™ğŸ«§Tako Protocol,1964332806
abcdefg1886,6655418431,3992086180310321578,æ¬¡ æ¬¡,ğŸ™ğŸ«§Tako Protocol,1964332806
AAAJaychou,892030624,6408138229219164643,Jay,ğŸ™ğŸ«§Tako Protocol,1964332806
,5992313383,-2849981755704595193,yunhe,ğŸ™ğŸ«§Tako Protocol,1964332806
easonchan712,2126251973,-5974477889433978247,chen eason,ğŸ™ğŸ«§Tako Protocol,1964332806
ChesiaC,2073145500,-6914787616971245717,Chesia,ğŸ™ğŸ«§Tako Protocol,1964332806
illililillilllI,1792965656,-5438028998821629698,æ¸¡æœˆæ©‹,ğŸ™ğŸ«§Tako Protocol,1964332806
Chris_Spherex,1739508373,8361605099111086095,Chris | spherex,ğŸ™ğŸ«§Tako Protocol,1964332806
dteni,6050920668,7805106236129054619,dtenier gen,ğŸ™ğŸ«§Tako Protocol,1964332806
youmo0o,1899981402,-2973048595588180733,youmo,ğŸ™ğŸ«§Tako Protocol,1964332806
Shininggold,395296327,-6384022570014929314,Jimmy Chen,ğŸ™ğŸ«§Tako Protocol,1964332806
d_ttang,5539821550,-2097671550766947578,d_ttang,ğŸ™ğŸ«§Tako Protocol,1964332806
skyhighfeng,464236313,-6768025401986681032,Skyhigh,ğŸ™ğŸ«§Tako Protocol,1964332806
maiaaa00,5274640483,-6911338871205338104,Maia,ğŸ™ğŸ«§Tako Protocol,1964332806
Anson_001,5411328763,-5925439900086961950,Anson | MM-Bot | Swap SaaS,ğŸ™ğŸ«§Tako Protocol,1964332806
arnav_gf,1980579657,7201845044732610694,Arnav,ğŸ™ğŸ«§Tako Protocol,1964332806
,5802395341,-4311128822008540046,Rachel.z,ğŸ™ğŸ«§Tako Protocol,1964332806
Amybitmain,1789855865,2174150929770061212,Amy li ï½œBITMAIN,ğŸ™ğŸ«§Tako Protocol,1964332806
xvsind,1201828880,-7389833303593213859,zkRAY,ğŸ™ğŸ«§Tako Protocol,1964332806
jodith6,476492803,-2760430604791224575,W Jodith,ğŸ™ğŸ«§Tako Protocol,1964332806
hirectjeff,7069567283,7601532972925894605,Jeff | People3,ğŸ™ğŸ«§Tako Protocol,1964332806
BendikL,1564064807,-8864848892586107930,Ben,ğŸ™ğŸ«§Tako Protocol,1964332806
harshcrop,994884104,7307429537337393554,Harsh,ğŸ™ğŸ«§Tako Protocol,1964332806
meooooooooooooooow,319932362,-6887613200714186575,Meow,ğŸ™ğŸ«§Tako Protocol,1964332806
Shivanshu814,5007111085,-6048453423399454804,Shivanshu | CTO @TouchTechnologies | Token2049,ğŸ™ğŸ«§Tako Protocol,1964332806
zoemc,585967731,-3906582097941301402,zoÃ© mc,ğŸ™ğŸ«§Tako Protocol,1964332806
Rekt_iAm,1064047512,8753451289970458803,rekt,ğŸ™ğŸ«§Tako Protocol,1964332806
phamhongsoncss,466595535,-4020917872103170479,Son Pham | Titans Ventures | UTC+7,ğŸ™ğŸ«§Tako Protocol,1964332806
serdarfs,429830496,-4375374723510635649,Serdar | HTX,ğŸ™ğŸ«§Tako Protocol,1964332806
alexsmn,808949413,-2770190589728805133,Alex,ğŸ™ğŸ«§Tako Protocol,1964332806
melikebarut,957087726,4006405938150675878,Melike Barut,ğŸ™ğŸ«§Tako Protocol,1964332806
SulimanBosso,151363653,6964373485818044497,Suliman | MAFIA,ğŸ™ğŸ«§Tako Protocol,1964332806
xmzys,478791450,189448896631176468,x,ğŸ™ğŸ«§Tako Protocol,1964332806
the_aryanag,1876562511,-5466660914199188648,Aryan,ğŸ™ğŸ«§Tako Protocol,1964332806
jasonhsiu,1791600424,4110973476868242042,Jason Hsiu,ğŸ™ğŸ«§Tako Protocol,1964332806
visionqwe,1913624025,5510690415080494010,Visionï½œMetastone,ğŸ™ğŸ«§Tako Protocol,1964332806
Jake_Ed,1129925135,2715808267167750392,Jake | Kryptonim | Consensus (29/31 MAY),ğŸ™ğŸ«§Tako Protocol,1964332806
Cryptoweb3man,1701784968,-4969481922895613550,Cryptoman,ğŸ™ğŸ«§Tako Protocol,1964332806
Sveeti_k,411746805,-2548260937705401201,Svetlana,ğŸ™ğŸ«§Tako Protocol,1964332806
Strysus,292377985,-4413693251403289252,Jamez,ğŸ™ğŸ«§Tako Protocol,1964332806
CyrielKriel,5600750917,9194536538373029928,Cyriel K,ğŸ™ğŸ«§Tako Protocol,1964332806
cynptk,559889419,-2985395103365642510,Cynthia,ğŸ™ğŸ«§Tako Protocol,1964332806
GyorgyB,279903820,3844143472837059798,George,ğŸ™ğŸ«§Tako Protocol,1964332806
Gab_Tako,22810479,-3004540596327932599,Gab | Tako,ğŸ™ğŸ«§Tako Protocol,1964332806
rencrypta,360135907,4870230309178747516,Ren,ğŸ™ğŸ«§Tako Protocol,1964332806
Tay2931,5017197060,-5217639612996382442,Co Jay / 6.4-6.10 GM ğŸ‡»ğŸ‡³,ğŸ™ğŸ«§Tako Protocol,1964332806
solomiya95d,1758394933,-1897007817024370121,Solomiya,ğŸ™ğŸ«§Tako Protocol,1964332806
Nitin_Kumar7,1606833401,-7202857922151189620,Nitin K,ğŸ™ğŸ«§Tako Protocol,1964332806
Thecryptoalchemist,451585192,-8802954550866848388,Safetravels,ğŸ™ğŸ«§Tako Protocol,1964332806
Metacasper,454364846,7356807046762567475,Greg | RWA ğŸ‡«ğŸ‡·ğŸ‡²ğŸ‡½,ğŸ™ğŸ«§Tako Protocol,1964332806
Stancolend,6641595860,-5273100301054003441,Stan | Colend,ğŸ™ğŸ«§Tako Protocol,1964332806
atx237v7,242891231,4529348182120013435,Evgeny Raykov,ğŸ™ğŸ«§Tako Protocol,1964332806
echo_zxh,5956966150,-8508675386755864424,echo@XAR,ğŸ™ğŸ«§Tako Protocol,1964332806
,98918065,-7530779755274400224,roulağŸŒ·,ğŸ™ğŸ«§Tako Protocol,1964332806
dendisuhubdy,1262422418,-4404622518031580243,Dendi Suhubdy | Bitwyre @Coinfest Bali August 2024,ğŸ™ğŸ«§Tako Protocol,1964332806
Rungifer,1401357119,-4839945567368029588,Captain Belong To Us,ğŸ™ğŸ«§Tako Protocol,1964332806
TuringWenxin,6416031235,-6862366241180633881,Turing Wenxin,ğŸ™ğŸ«§Tako Protocol,1964332806
oliolioliviao,5098475415,3841674135346423864,Olioliolivia,ğŸ™ğŸ«§Tako Protocol,1964332806
yanyanista,5016146880,1664412597515086491,YY,ğŸ™ğŸ«§Tako Protocol,1964332806
thenetworker99,484121063,-1921920246069884219,Roberto R.,ğŸ™ğŸ«§Tako Protocol,1964332806
AndyAlek,221589280,-6715820310909631304,Andy Alekhin,ğŸ™ğŸ«§Tako Protocol,1964332806
ilyaaarazum,391680050,7251450299237915881,Ilya,ğŸ™ğŸ«§Tako Protocol,1964332806
alex4li,1443349230,-19685222613809214,Alex Li,ğŸ™ğŸ«§Tako Protocol,1964332806
kuwabara83,898261131,5681022556338676487,Atsushi Kuwabara,ğŸ™ğŸ«§Tako Protocol,1964332806
,6754100034,-2347367222172097803,Jolly | Token2049 âœˆï¸,ğŸ™ğŸ«§Tako Protocol,1964332806
StPinkie,331087104,-7815574255558846180,"Daniel ""St. Pinkie"" Anthony",ğŸ™ğŸ«§Tako Protocol,1964332806
ClodyMeatstick,263565089,-2477868299170904011,B T,ğŸ™ğŸ«§Tako Protocol,1964332806
dimmix_ua,543934706,-4629551888016768988,Ğ”Ğ¼Ñ‹Ñ‚Ñ€Ğ¾ | Dmytro,ğŸ™ğŸ«§Tako Protocol,1964332806
wernah98,521301436,526975699487418002,Wernah,ğŸ™ğŸ«§Tako Protocol,1964332806
OxRansom,641977977,4489072706647761429,Josh Ransom,ğŸ™ğŸ«§Tako Protocol,1964332806
evswars,6538962171,1360607295246476898,ç„¡ ä¿®,ğŸ™ğŸ«§Tako Protocol,1964332806
avk_007,524941376,-4832462560946840386,Ad Van Kemenade,ğŸ™ğŸ«§Tako Protocol,1964332806
SilviaMogas,731704654,-4524150266578327979,Silvia Mogas | BMBWeb3,ğŸ™ğŸ«§Tako Protocol,1964332806
xJustinW,1568111717,1510171918586034576,0xJustinW.eth | UTC+8,ğŸ™ğŸ«§Tako Protocol,1964332806
Adi_tak,894678653,4340322233847953411,Aditya Tak,ğŸ™ğŸ«§Tako Protocol,1964332806
Yaseenammaar,1674517525,-8311784079373764160,Yaseen Ammaar,ğŸ™ğŸ«§Tako Protocol,1964332806
kaneaidoo,1825853345,1910864482181781512,Kane - Palisade,ğŸ™ğŸ«§Tako Protocol,1964332806
olehmell,386132742,2339031315768650911,olehmell,ğŸ™ğŸ«§Tako Protocol,1964332806
Arnaud_Agartha,791841539,7815583867453962381,Arnaud,ğŸ™ğŸ«§Tako Protocol,1964332806
Abbasshaikh01,1640476333,-2606455568735192101,Abbas,ğŸ™ğŸ«§Tako Protocol,1964332806
Isham_R,6645914870,-2459665646019004065,ğŸ‘¨ğŸ»â€ğŸ’» Isham Rashik ğŸ¤–,ğŸ™ğŸ«§Tako Protocol,1964332806
tmphey,191160676,3626971610368586367,Tim,ğŸ™ğŸ«§Tako Protocol,1964332806
P3F3Era,466655955,-2293860946775893868,P3F3,ğŸ™ğŸ«§Tako Protocol,1964332806
yuliya0x,6802438059,-7834892345262128227,Yuliya,ğŸ™ğŸ«§Tako Protocol,1964332806
DmitryWasHere,725976103,-4974902898422080805,Dmitry,ğŸ™ğŸ«§Tako Protocol,1964332806
maxslt,3091489,-6208105497287947752,Max S,ğŸ™ğŸ«§Tako Protocol,1964332806
nonfungibledude,1665134215,6205017887268265884,Ian | XLD,ğŸ™ğŸ«§Tako Protocol,1964332806
will_dre_duran,2063718286,-338796040632139124,William Duran,ğŸ™ğŸ«§Tako Protocol,1964332806
sarahbotache,1981107483,3299008672524788980,Sarah Lucia Botache,ğŸ™ğŸ«§Tako Protocol,1964332806
Kareemikassab,1517600597,8183679567562139889,Kareem Kassab,ğŸ™ğŸ«§Tako Protocol,1964332806
vestor0x,1428517603,-4714187428210514440,Vestor,ğŸ™ğŸ«§Tako Protocol,1964332806
,1685444760,3287307442377120047,,ğŸ™ğŸ«§Tako Protocol,1964332806
tusk0304,5137862349,-8177021744052260297,Tasuku Matsukura,ğŸ™ğŸ«§Tako Protocol,1964332806
marisamcknight,451266535,-3956117055559037146,Marisa | çœŸç†ç´—,ğŸ™ğŸ«§Tako Protocol,1964332806
xosecasal76,5002244365,2877584597676177463,Xose,ğŸ™ğŸ«§Tako Protocol,1964332806
otodidakt_20,2055331847,-4419846283353187182,anishi | 0xRivendell,ğŸ™ğŸ«§Tako Protocol,1964332806
warelik,727261494,2314534680062186936,Valery,ğŸ™ğŸ«§Tako Protocol,1964332806
cybergracee,1910669621,-336112674738958803,Grace,ğŸ™ğŸ«§Tako Protocol,1964332806
abhinav_btc,1876163950,8087089244659057032,Abhinav Gupta,ğŸ™ğŸ«§Tako Protocol,1964332806
aviroxi,702309954,8114261810605889844,Guru | Zeru Finance,ğŸ™ğŸ«§Tako Protocol,1964332806
rush905,1832815658,8623904786737226375,William,ğŸ™ğŸ«§Tako Protocol,1964332806
Federicap_art,5314920435,-6992873746073154532,Federica,ğŸ™ğŸ«§Tako Protocol,1964332806
farooqchisty,1243061656,8135293318478076446,Farooq | zo.me,ğŸ™ğŸ«§Tako Protocol,1964332806
suhelkap,1060313391,-5600447624417104285,Suhel,ğŸ™ğŸ«§Tako Protocol,1964332806
yovelal,2034245812,-3093436680018976988,Yovela,ğŸ™ğŸ«§Tako Protocol,1964332806
limkeunsol,866412817,3270298454271414777,Kade,ğŸ™ğŸ«§Tako Protocol,1964332806
Tastingoeth,1916171982,3523098870492526429,0xtalinï¼ˆå¡”æ—ï¼‰ CrunchSpace,ğŸ™ğŸ«§Tako Protocol,1964332806
yachy,459358648,-9034849747542086614,Meek,ğŸ™ğŸ«§Tako Protocol,1964332806
denisetech,6826709445,-7287144002446206237,Denise Tech,ğŸ™ğŸ«§Tako Protocol,1964332806
mrlastminut3,211361391,2712217112108189237,mrlastminut3 ğŸŒ - Token2049 ğŸ‡¦ğŸ‡ª,ğŸ™ğŸ«§Tako Protocol,1964332806
Adi_khan_111,6706945104,-4674565270572253647,Adi,ğŸ™ğŸ«§Tako Protocol,1964332806
Rysipan,155652898,-3127216031376654273,Ğ’Ğ¸Ñ‚Ğ°Ğ»Ğ¸Ğµ Ğ Ñ‹ÑĞ¸Ğ¿Ğ°Ğ½ | Ğ¼Ğ°Ñ€ĞºĞµÑ‚Ğ¸Ğ½Ğ³ Ğ´Ğ»Ñ ÑÑ‚Ğ°Ñ€Ñ‚Ğ°Ğ¿Ğ¾Ğ² |,ğŸ™ğŸ«§Tako Protocol,1964332806
Marptofounder,1854665362,-6705018791266753066,Marpto,ğŸ™ğŸ«§Tako Protocol,1964332806
soomehta,6340150118,2467866026440720348,Soham M,ğŸ™ğŸ«§Tako Protocol,1964332806
D_Mancer,387985405,-3584774976740692034,D Mancer,ğŸ™ğŸ«§Tako Protocol,1964332806
Louise_Luo,7023013620,1589593483196796772,Louise Luo,ğŸ™ğŸ«§Tako Protocol,1964332806
NeedETHforGas,6363284253,-6109951233836852398,M J,ğŸ™ğŸ«§Tako Protocol,1964332806
aler_eth,144858903,3805150654397637141,aler.eth | tookey,ğŸ™ğŸ«§Tako Protocol,1964332806
DonCorleone403,2121855371,7435660242728949186,Don Corleone,ğŸ™ğŸ«§Tako Protocol,1964332806
tunwestmoon,548195894,-7251811483751926611,Moon,ğŸ™ğŸ«§Tako Protocol,1964332806
AndreyQBsoft,6319350388,3832151738918451278,AndreyQB,ğŸ™ğŸ«§Tako Protocol,1964332806
Phoenix_Project_LTD,5620974782,-1136761896401066741,Alex,ğŸ™ğŸ«§Tako Protocol,1964332806
CryptoMike0x,5405088732,-2313224914117437529,Mikeï½œ POP,ğŸ™ğŸ«§Tako Protocol,1964332806
msanti,1478922384,-1994739638074240111,Marcos Santillana,ğŸ™ğŸ«§Tako Protocol,1964332806
lydiapallot,6599896816,-570447477511969893,Lydia Pallot,ğŸ™ğŸ«§Tako Protocol,1964332806
jrjy1,223795792,-3222539868983437821,Jon | coinseeker.co,ğŸ™ğŸ«§Tako Protocol,1964332806
Lizard420,6910372762,-2642119490962298817,Lizard God,ğŸ™ğŸ«§Tako Protocol,1964332806
vinsato,5613716017,-7873432009232385749,vct,ğŸ™ğŸ«§Tako Protocol,1964332806
MikeJin1217,5661511914,-5238838919919840616,Mike Jin,ğŸ™ğŸ«§Tako Protocol,1964332806
gracelsw24,498957654,2878398543296260904,Grace Li l Google Cloud,ğŸ™ğŸ«§Tako Protocol,1964332806
ceciliali9,412364235,-4048496601103925033,C,ğŸ™ğŸ«§Tako Protocol,1964332806
B_B87,1226378345,8536782195970463009,BB,ğŸ™ğŸ«§Tako Protocol,1964332806
paultan0x,1826048922,-3574936178964417815,Paul (Por) Cleverse Ventures,ğŸ™ğŸ«§Tako Protocol,1964332806
e_childsplay,998879186,7898483153471018126,Shadow,ğŸ™ğŸ«§Tako Protocol,1964332806
maxeeze,1679831249,-2958048613879842880,Max @ WebMakers,ğŸ™ğŸ«§Tako Protocol,1964332806
zzzaaaiiinnnk,886880033,-3376535695270618197,Zain | Itheum,ğŸ™ğŸ«§Tako Protocol,1964332806
Mod0x69,6294575024,1406649422490893617,Frankie Moonshot,ğŸ™ğŸ«§Tako Protocol,1964332806
chrisliquin,5544879230,-7987222701595436958,Chris Liquin,ğŸ™ğŸ«§Tako Protocol,1964332806
Edanulloh,430602529,9159650747579748636,E-KAME $TBEAR,ğŸ™ğŸ«§Tako Protocol,1964332806
eyensium,965118529,9068127457950585508,eyensium,ğŸ™ğŸ«§Tako Protocol,1964332806
metatxn,903932989,-2347008814587236656,Prayag Singh | SOCLLY,ğŸ™ğŸ«§Tako Protocol,1964332806
wazzup_1980,6568906254,-6346376927550315772,Wat Kurtsaeng,ğŸ™ğŸ«§Tako Protocol,1964332806
jithin,64194385,4475708710688150476,Jithin Raj,ğŸ™ğŸ«§Tako Protocol,1964332806
omiraclx,594195284,4203379155450947221,Miraculous Owonubi,ğŸ™ğŸ«§Tako Protocol,1964332806
Dorkonn,1542663709,1368138076986227470,Eva,ğŸ™ğŸ«§Tako Protocol,1964332806
hamidogaa,75825055,4167924822193271559,Hamid W-coin,ğŸ™ğŸ«§Tako Protocol,1964332806
ChoyonChowdhury,1844795717,-4041252989325057861,Choyon Chowdhury ğ•||ğŸ‡¨ğŸ‡¦,ğŸ™ğŸ«§Tako Protocol,1964332806
Alina_Everstake,1295240434,5734208014688033260,"Alina | Everstake [OOO, till 7th]",ğŸ™ğŸ«§Tako Protocol,1964332806
LucasFair,1186455084,-1247310101165294103,Lucas,ğŸ™ğŸ«§Tako Protocol,1964332806
mkrtchyantigran,539157904,8654233327946579843,Tigran B. Mkrtchyan,ğŸ™ğŸ«§Tako Protocol,1964332806
MYNTVC,113537205,2247384178608125242,Eric Benz,ğŸ™ğŸ«§Tako Protocol,1964332806
venkatweb3,6007144320,-7679228736800410496,Venkat,ğŸ™ğŸ«§Tako Protocol,1964332806
Jutmania,5338282536,3807137561109514376,Jake,ğŸ™ğŸ«§Tako Protocol,1964332806
katherholt,461609367,5335615513279091299,katherholt,ğŸ™ğŸ«§Tako Protocol,1964332806
GeorgeJunior33,1665036147,-5791394217982216646,George Jr.,ğŸ™ğŸ«§Tako Protocol,1964332806
balendustg,1149170670,-389827919743618553,balendustg,ğŸ™ğŸ«§Tako Protocol,1964332806
moonwalker_dark,995940588,-8567898524831720400,DivX,ğŸ™ğŸ«§Tako Protocol,1964332806
nellapn,292482079,4170700375276437620,Nick Allen,ğŸ™ğŸ«§Tako Protocol,1964332806
shrutipanjwani,1247367837,7614520657385759492,Shrutz,ğŸ™ğŸ«§Tako Protocol,1964332806
frobenius,226188,-1788350752196523102,Vitaly,ğŸ™ğŸ«§Tako Protocol,1964332806
loekTheDreamer,383085633,-4215329650167008600,Luke Carelsen,ğŸ™ğŸ«§Tako Protocol,1964332806
permaoptimist,333151445,-5043488175443357267,Benjamin Rameau,ğŸ™ğŸ«§Tako Protocol,1964332806
RWA_BAR,959973373,-408357543365411222,Bar | RWA Tokens,ğŸ™ğŸ«§Tako Protocol,1964332806
limlogan,1615215197,3548144359849035295,Logan,ğŸ™ğŸ«§Tako Protocol,1964332806
tifflung,2008606912,2239347964066977429,Tiffy | Plume,ğŸ™ğŸ«§Tako Protocol,1964332806
mortytokyo,511882199,-3807601353619935375,Morty,ğŸ™ğŸ«§Tako Protocol,1964332806
PyxelCEO,600197549,1737611343004059023,Richard,ğŸ™ğŸ«§Tako Protocol,1964332806
jwhashglobal,1627038298,169918142100298462,Jensen,ğŸ™ğŸ«§Tako Protocol,1964332806
HKJ03,1620666140,4727116499488297113,Harshit Jaiswal,ğŸ™ğŸ«§Tako Protocol,1964332806
moe0q,6850667470,5605153122424490210,Moe Q,ğŸ™ğŸ«§Tako Protocol,1964332806
annajoppert,1354301536,-250900086679732857,Anna Joppert,ğŸ™ğŸ«§Tako Protocol,1964332806
master_malwyl,415911732,2001264984814073622,Ryan,ğŸ™ğŸ«§Tako Protocol,1964332806
blueblueoutofblue,370069059,-6402396862329014168,PandaCrypto | Wayne ğŸ‡²ğŸ‡¾ğŸ‡¸ğŸ‡¬ğŸ‡®ğŸ‡©ğŸ‡¹ğŸ‡­ğŸ‡»ğŸ‡³ğŸ‡µğŸ‡­ğŸ‡¨ğŸ‡³ğŸ‡­ğŸ‡°ğŸ‡°ğŸ‡·ğŸ‡´ğŸ‡²ğŸ‡¦ğŸ‡ªğŸ‡®ğŸ‡·,ğŸ™ğŸ«§Tako Protocol,1964332806
patyiutazza,2079957242,-694879021909121362,Pat Yiu,ğŸ™ğŸ«§Tako Protocol,1964332806
GPDSas,5632182056,-5259369575408577038,G D,ğŸ™ğŸ«§Tako Protocol,1964332806
maksvuk,1042537718,2174283729674419592,Maks Vukovic,ğŸ™ğŸ«§Tako Protocol,1964332806
PGudev,404143928,-3456819101226241944,Patrik,ğŸ™ğŸ«§Tako Protocol,1964332806
ProofOfJoker,13083190,3169092165287436806,Anatoly Kozlov | Force Prime,ğŸ™ğŸ«§Tako Protocol,1964332806
Yasyjlakh94,965672453,-7922187551767772132,Filejson .eth,ğŸ™ğŸ«§Tako Protocol,1964332806
berit1p,1990835546,6881162978778217142,Berit ( Never DM You First ),ğŸ™ğŸ«§Tako Protocol,1964332806
Dalton89,327187597,7411797300778030010,Steve Jernigan,ğŸ™ğŸ«§Tako Protocol,1964332806
Web3_Writer,1357448237,6236711484761830841,Nick Fouriezos,ğŸ™ğŸ«§Tako Protocol,1964332806
clades_viv,5386191132,4738159759962855302,Viv,ğŸ™ğŸ«§Tako Protocol,1964332806
hukusik,1636360479,-1990407447555807946,Hukus,ğŸ™ğŸ«§Tako Protocol,1964332806
amengsir,1759242901,6046507790405687083,ameng sir,ğŸ™ğŸ«§Tako Protocol,1964332806
Dr_Manhattan27,633994737,7939984105199289055,Dr. Manhattan,ğŸ™ğŸ«§Tako Protocol,1964332806
Vaibhav_Rajput,703940932,1667814497201110460,Vaibhav | SOCLLY,ğŸ™ğŸ«§Tako Protocol,1964332806
Yilineee_Lbank,1766013133,-772459768090905077,Miss Whale ğŸ³,ğŸ™ğŸ«§Tako Protocol,1964332806
rohailr,351716281,1006366043196275664,Ro,ğŸ™ğŸ«§Tako Protocol,1964332806
Tamarack,5131027142,8091102240708066907,Rafael,ğŸ™ğŸ«§Tako Protocol,1964332806
seiffus,6802883254,8562266657692765397,Seif,ğŸ™ğŸ«§Tako Protocol,1964332806
cubicruler,431274788,-8459201200667416599,Alexander Lastovski,ğŸ™ğŸ«§Tako Protocol,1964332806
learn2trade911,602789332,-1418450948997940513,M E,ğŸ™ğŸ«§Tako Protocol,1964332806
tarekonchain,2027959252,1959515921095134471,Tarek,ğŸ™ğŸ«§Tako Protocol,1964332806
gemmalo,754910726,-5275223277444071776,Gemma | EVG,ğŸ™ğŸ«§Tako Protocol,1964332806
ivansid,95413548,650805518714308759,Ivan Sidorov,ğŸ™ğŸ«§Tako Protocol,1964332806
Bert_Biker,6182674669,-7088409828589626392,Bert Biker,ğŸ™ğŸ«§Tako Protocol,1964332806
AmberBella,782006842,-2059694112809329916,AmberBella,ğŸ™ğŸ«§Tako Protocol,1964332806
Arrky,48973913,7007151409226381611,Arrky,ğŸ™ğŸ«§Tako Protocol,1964332806
yj1800,1360851963,7874190849181652155,YJ,ğŸ™ğŸ«§Tako Protocol,1964332806
Schang515,1308000846,-7773298645705167877,Sean C,ğŸ™ğŸ«§Tako Protocol,1964332806
AB_BTC,226212439,149318125215863970,AB,ğŸ™ğŸ«§Tako Protocol,1964332806
pouyansol,73333804,3656722018799476853,Pouyan,ğŸ™ğŸ«§Tako Protocol,1964332806
cL_coinstore,1957138211,2268551867162785666,Clem | Coinstore | Consensus TX,ğŸ™ğŸ«§Tako Protocol,1964332806
artyshtlv,108998361,-746622732965345149,Arty Shatilov | Nomis,ğŸ™ğŸ«§Tako Protocol,1964332806
yokokos,5185428509,7074735050579303704,Kosuke,ğŸ™ğŸ«§Tako Protocol,1964332806
CryptoDragonis,1592706311,1593863311796958353,Dragonis,ğŸ™ğŸ«§Tako Protocol,1964332806
stuppnik,5809814065,-1345666952294252212,Philipp Andreas,ğŸ™ğŸ«§Tako Protocol,1964332806
triggerak,1294977781,-5376243971016942885,trigger -,ğŸ™ğŸ«§Tako Protocol,1964332806
RZWEB3,6138618382,1202345484489743856,R,ğŸ™ğŸ«§Tako Protocol,1964332806
SainathG,349533731,6206570186031361696,Sainath G | BTCLAYER,ğŸ™ğŸ«§Tako Protocol,1964332806
nami_sh,1730223038,2881300414749807464,Nami,ğŸ™ğŸ«§Tako Protocol,1964332806
anaostro,482835132,472567681433382476,Ana,ğŸ™ğŸ«§Tako Protocol,1964332806
juaanpig,751197893,-8871910532789188684,Neocxela96,ğŸ™ğŸ«§Tako Protocol,1964332806
sy_coinstore,6434095489,6427730744100087476,Saheeb|Coinstore|BD,ğŸ™ğŸ«§Tako Protocol,1964332806
Picciano_eth,1368440529,-2863096059343057615,Jack & Jackie//Picciano.eth,ğŸ™ğŸ«§Tako Protocol,1964332806
Umi_soku,5779143325,-37749514359771799,S Umi,ğŸ™ğŸ«§Tako Protocol,1964332806
GabrielBegazo,1236336209,-1894260517439642453,Gabriel | Cede.store,ğŸ™ğŸ«§Tako Protocol,1964332806
RJlwl,517855175,-8412968383101574748,Richa | Push Protocol,ğŸ™ğŸ«§Tako Protocol,1964332806
Kapersky15,1335774450,-4700001308903823767,Zeel,ğŸ™ğŸ«§Tako Protocol,1964332806
franckdpt,587257168,-8598418420593929635,Franck Dupont,ğŸ™ğŸ«§Tako Protocol,1964332806
knhrin,5609068567,3082215522954608677,KURO,ğŸ™ğŸ«§Tako Protocol,1964332806
kyriehuang,6259194838,-896933309458625982,Kyrie | Typus Finance | BD Lead,ğŸ™ğŸ«§Tako Protocol,1964332806
theonkxr,1346395103,9169747824983176197,Onkar,ğŸ™ğŸ«§Tako Protocol,1964332806
kiki6711,1395686668,4312663598587012044,ğŸŒK1K1ğŸŒ,ğŸ™ğŸ«§Tako Protocol,1964332806
agrimn,923433167,-8390700490977146561,Agrim Nagrani,ğŸ™ğŸ«§Tako Protocol,1964332806
RealMetaMax,6199744772,-1023468471525245094,0xMetaM,ğŸ™ğŸ«§Tako Protocol,1964332806
Samhefnawy,104407874,7724490235518906286,Sam Hefnawy,ğŸ™ğŸ«§Tako Protocol,1964332806
lakshay,461508959,-7726138631028773467,Lakshay,ğŸ™ğŸ«§Tako Protocol,1964332806
terranov4,313984632,-537900614244775940,Terranova,ğŸ™ğŸ«§Tako Protocol,1964332806
Nicole_522,2012582073,-7455573576086013102,Nicole 77,ğŸ™ğŸ«§Tako Protocol,1964332806
DarcyAsks,5353540887,6853157787186645965,Darcy,ğŸ™ğŸ«§Tako Protocol,1964332806
kinglory,751018497,1528875998196008103,Glory | Tanzent Capital,ğŸ™ğŸ«§Tako Protocol,1964332806
SENDNZ,5020911819,1133342323133256842,SEND Accelerator,ğŸ™ğŸ«§Tako Protocol,1964332806
jacksteroo,438817475,-97646718278640895,Jacksteroo,ğŸ™ğŸ«§Tako Protocol,1964332806
nirbhik,584964339,5256233848334575707,Nirbhik | check username @nirbhik,ğŸ™ğŸ«§Tako Protocol,1964332806
V_0xRay,6025486006,-5461105702113923096,0xRay,ğŸ™ğŸ«§Tako Protocol,1964332806
rugbuyer,1038377904,4748237124055381147,â€¦,ğŸ™ğŸ«§Tako Protocol,1964332806
gvcrich,1886481985,-1813007854924920003,RichSAFT,ğŸ™ğŸ«§Tako Protocol,1964332806
wba46,6047812962,8449980669210783234,W BA,ğŸ™ğŸ«§Tako Protocol,1964332806
,2096951561,-3482978025025733144,Audrey,ğŸ™ğŸ«§Tako Protocol,1964332806
sid_onchain,1905740469,-96942139980619474,Sid | Socket,ğŸ™ğŸ«§Tako Protocol,1964332806
gagan_mai,5144024577,6450109149947306902,Gagan Singhal,ğŸ™ğŸ«§Tako Protocol,1964332806
prusela96,1853477035,8562761918524845129,Prusela,ğŸ™ğŸ«§Tako Protocol,1964332806
Iamtusharsingla,732287057,4162515666273570669,Tushar,ğŸ™ğŸ«§Tako Protocol,1964332806
pandeyreshav,1260720251,7927412141913024907,Reshav,ğŸ™ğŸ«§Tako Protocol,1964332806
townstaryyds,1547246590,-1688532251276370222,Jeanne,ğŸ™ğŸ«§Tako Protocol,1964332806
piotr_warsaw,5869931366,2463961440572030919,Piotr,ğŸ™ğŸ«§Tako Protocol,1964332806
jakubklim,1732949797,4520897633491183043,Jakub | Marketized,ğŸ™ğŸ«§Tako Protocol,1964332806
yura1377,136340399,-8814331624134373765,Yura,ğŸ™ğŸ«§Tako Protocol,1964332806
BobJaeger,1558295881,2956326502233303715,Bob Jaeger,ğŸ™ğŸ«§Tako Protocol,1964332806
wingperp,6214149270,8046009462968079163,Wing l Tradao,ğŸ™ğŸ«§Tako Protocol,1964332806
JoeTakayama,1743840004,-2252768290630147256,Joe TakayamağŸ‡¯ğŸ‡µğŸ‡¦ğŸ‡ª,ğŸ™ğŸ«§Tako Protocol,1964332806
arkg1,260845921,382814159722407364,Arseny,ğŸ™ğŸ«§Tako Protocol,1964332806
GluwaCreditcoin_MinKim,1817916685,1032863912329552068,Min Kim_Gluwa/Creditcoin,ğŸ™ğŸ«§Tako Protocol,1964332806
CCAtAlvis,346396902,-3810924901496177384,Chinmay | BlockEnd,ğŸ™ğŸ«§Tako Protocol,1964332806
crwayne,1769769417,-206414551781161185,wayne,ğŸ™ğŸ«§Tako Protocol,1964332806
MatthewChin,382366398,-8721778780921231758,Matthew Chin - W Tech,ğŸ™ğŸ«§Tako Protocol,1964332806
leonmax55,5892106999,-1348329473765114049,Leon Max,ğŸ™ğŸ«§Tako Protocol,1964332806
blockchainbrett,453025126,-2811666468625890467,Blockchainbrett,ğŸ™ğŸ«§Tako Protocol,1964332806
vgchainpatrol,5731171479,4421574245693609364,Vito | ChainPatrol,ğŸ™ğŸ«§Tako Protocol,1964332806
sheldot,2021629496,-5539326250494920380,Sheldon Trotman | Gold.dev,ğŸ™ğŸ«§Tako Protocol,1964332806
asitgupta,1005521948,73868590450049191,Asit Gupta,ğŸ™ğŸ«§Tako Protocol,1964332806
a_chello,1653141696,1573228558268415518,Andrea Chello | wysdom.xyz,ğŸ™ğŸ«§Tako Protocol,1964332806
michaeljoker,527638031,799800115298629682,Michael Yiin,ğŸ™ğŸ«§Tako Protocol,1964332806
vladsvitanko,331007373,-6409432106973192182,Vlad,ğŸ™ğŸ«§Tako Protocol,1964332806
advertiser247,2101508198,6679354104956781181,Advertiser,ğŸ™ğŸ«§Tako Protocol,1964332806
nft_yogesh,524864344,-5282661901916091779,Yogesh Jakhar,ğŸ™ğŸ«§Tako Protocol,1964332806
AsherStrong,488344461,7331628972219191425,Max C,ğŸ™ğŸ«§Tako Protocol,1964332806
tymvest,326725488,-5262855357455299082,Tymur | Invarifi,ğŸ™ğŸ«§Tako Protocol,1964332806
harichen,508988564,7342240420534577277,å¤§è€³æœµ,ğŸ™ğŸ«§Tako Protocol,1964332806
fresh_flowers,5084068127,-5276081794185125897,Sally | King River VC ğŸ¦˜,ğŸ™ğŸ«§Tako Protocol,1964332806
amaan029,830287204,-6072535057341363675,Amaan,ğŸ™ğŸ«§Tako Protocol,1964332806
marissaposner,5078231402,5389554642847477810,Marissa - Gold,ğŸ™ğŸ«§Tako Protocol,1964332806
dchudchu,2144502423,-219538124033748053,Devinn Chuan,ğŸ™ğŸ«§Tako Protocol,1964332806
Dennisonb,465236450,-236338547001537418,Dennison,ğŸ™ğŸ«§Tako Protocol,1964332806
bronevoy,196254897,-3269316828760999307,Nikolay Bronevoy,ğŸ™ğŸ«§Tako Protocol,1964332806
dabblerer,5273952444,-4713200733626072116,Karen | dabblerer | will NOT dm for $$,ğŸ™ğŸ«§Tako Protocol,1964332806
rshahaev,229394762,-3898780726290032186,Ruslan Sh.,ğŸ™ğŸ«§Tako Protocol,1964332806
singhshikhar,1142494977,-1912113062218592123,0xShikhar | Token2049ğŸ‡¦ğŸ‡ª,ğŸ™ğŸ«§Tako Protocol,1964332806
s0xn1ck,179577821,185258281455075042,Nick,ğŸ™ğŸ«§Tako Protocol,1964332806
Faravl,62728471,4653149148299793019,Vlad,ğŸ™ğŸ«§Tako Protocol,1964332806
Chiyeuk,1915156953,6531818221104522908,Carman Lam â€¢ chibi.gg,ğŸ™ğŸ«§Tako Protocol,1964332806
ajyoda,1987230928,5830937094101014200,Yoda.virtual,ğŸ™ğŸ«§Tako Protocol,1964332806
beep1kali,840163757,8413732953911491455,strangers,ğŸ™ğŸ«§Tako Protocol,1964332806
Rods2000,1030043130,4231213118024503718,Rodrigo de Santiago,ğŸ™ğŸ«§Tako Protocol,1964332806
jibrealhb,6662085612,2054597078258057229,Jibril,ğŸ™ğŸ«§Tako Protocol,1964332806
Monsieur_Joee,5317645994,-2973730464493131547,Joe,ğŸ™ğŸ«§Tako Protocol,1964332806
edou1025,811205760,3972431311772725423,Steven St. Marc,ğŸ™ğŸ«§Tako Protocol,1964332806
Cygnusgod,1833301742,-4553542935256061479,Umut,ğŸ™ğŸ«§Tako Protocol,1964332806
genesoo,284383107,-3978139618127459046,Gene Soo | HKGDAO,ğŸ™ğŸ«§Tako Protocol,1964332806
getliang,853551510,-1502416208661716962,Liang@degencast /degencast,ğŸ™ğŸ«§Tako Protocol,1964332806
shawnma_btc,6268914718,-2011881435234796385,Shawn,ğŸ™ğŸ«§Tako Protocol,1964332806
kangbing2051,912739992,7823202715592158678,kang,ğŸ™ğŸ«§Tako Protocol,1964332806
peersky,527203352,1055227700582169092,Tim [Peersky],ğŸ™ğŸ«§Tako Protocol,1964332806
allenli852,5079081259,-6743320351743889411,Allen Li,ğŸ™ğŸ«§Tako Protocol,1964332806
Li_shuchen,2006037600,6474213100121130819,åŒ—è¾°Beichen,ğŸ™ğŸ«§Tako Protocol,1964332806
kelvinsinx,2055893456,2464632776087301004,Kelvin,ğŸ™ğŸ«§Tako Protocol,1964332806
yoakalin,5002927170,-235707756833593569,Yoaka.eth ğŸ›«ğŸ‡»ğŸ‡³GMVietnam,ğŸ™ğŸ«§Tako Protocol,1964332806
ivyfanshao,5027462818,8998859219819689514,Ivy,ğŸ™ğŸ«§Tako Protocol,1964332806
philosopherjr,7051882558,-3249265946748163835,Pace L.,ğŸ™ğŸ«§Tako Protocol,1964332806
Katia7489,5189437246,-4011255469650617336,Y.,ğŸ™ğŸ«§Tako Protocol,1964332806
ColdGwen,5635792840,-4416532481981146890,Gwen,ğŸ™ğŸ«§Tako Protocol,1964332806
frankforfrank,1748074237,8189994202633548726,frank,ğŸ™ğŸ«§Tako Protocol,1964332806
Hella1314,1861071759,8604286901396239902,Hella1314,ğŸ™ğŸ«§Tako Protocol,1964332806
Jacob_Mr_Yang,5390014880,822090982484457112,Jacob,ğŸ™ğŸ«§Tako Protocol,1964332806
annabellawvv,5292973453,4661829989975226473,Annabella W,ğŸ™ğŸ«§Tako Protocol,1964332806
xiaocn,871345464,-4375653722009597836,X. Zhang | zCloak,ğŸ™ğŸ«§Tako Protocol,1964332806
oxGrace,1084353166,-343489185234290468,Grace,ğŸ™ğŸ«§Tako Protocol,1964332806
ianndelap,666121072,6347596388552178018,Iann Delap,ğŸ™ğŸ«§Tako Protocol,1964332806
sudocheng,6185445550,-6036256352404899020,Terrence (Cheng),ğŸ™ğŸ«§Tako Protocol,1964332806
wennnnnnn817,434700851,7145858506682343500,Wen L,ğŸ™ğŸ«§Tako Protocol,1964332806
ling00000,525786396,-1532328036100040730,Ling,ğŸ™ğŸ«§Tako Protocol,1964332806
freecodewu,5258090889,9180380870355303576,Jason Wu,ğŸ™ğŸ«§Tako Protocol,1964332806
dentonino,321842040,-3684103930454100177,dentonino.eth,ğŸ™ğŸ«§Tako Protocol,1964332806
JiYeonPark0,1880184517,-5077063105570983030,JiYeon Park,ğŸ™ğŸ«§Tako Protocol,1964332806
iversonzhang,6974811763,-8674772046557648573,Iverson Zhang,ğŸ™ğŸ«§Tako Protocol,1964332806
Leila_Bybit,812692725,-3620639080482406640,Leila Bybit,ğŸ™ğŸ«§Tako Protocol,1964332806
soulcode724,6058584131,4807417833600759998,Soul Code,ğŸ™ğŸ«§Tako Protocol,1964332806
kathy_88,1856843722,-6955511080163150503,Kathy,ğŸ™ğŸ«§Tako Protocol,1964332806
Sky_Wu,1700406651,1438303453994284337,Sky Wu,ğŸ™ğŸ«§Tako Protocol,1964332806
Reck1355,759471597,8561423005680240454,JL | Reck1355,ğŸ™ğŸ«§Tako Protocol,1964332806
cat_cd_net,6344616426,-1898850540123149156,Peanut,ğŸ™ğŸ«§Tako Protocol,1964332806
am0lo,6745761979,8287513517648568693,Amanda,ğŸ™ğŸ«§Tako Protocol,1964332806
web3JanM,5017765500,5302048678902694924,Jan,ğŸ™ğŸ«§Tako Protocol,1964332806
PatrickOhhh,6858203106,8635342962563713913,K Patrick,ğŸ™ğŸ«§Tako Protocol,1964332806
davidingaming,2045400922,2695303911488131721,David,ğŸ™ğŸ«§Tako Protocol,1964332806
tkdydwk1,536453450,8029083215410102401,0xDaniel,ğŸ™ğŸ«§Tako Protocol,1964332806
Mandyssee,1408183819,3094082343848779133,Mandy,ğŸ™ğŸ«§Tako Protocol,1964332806
okxrichard,6672415793,8528732299724508370,Richard,ğŸ™ğŸ«§Tako Protocol,1964332806
hondancer,6071199227,-2990208346443345945,hiroshi asami,ğŸ™ğŸ«§Tako Protocol,1964332806
Hydroxycoumarin,1610789328,7904281029135166043,Coumarin,ğŸ™ğŸ«§Tako Protocol,1964332806
FRMNate,2039157439,-2675389466138297037,Nathan | TDI LaunchTech Ferrum,ğŸ™ğŸ«§Tako Protocol,1964332806
willy_eth,1732044756,3963419511241271373,Willy Lee,ğŸ™ğŸ«§Tako Protocol,1964332806
sdotss,270495163,8916149087568125223,Sandy,ğŸ™ğŸ«§Tako Protocol,1964332806
theo617,5197145723,-5315921390377753289,Theo | Bloccelerate,ğŸ™ğŸ«§Tako Protocol,1964332806
SherlockShi,124534810,6881989269047560208,Sherlock Shi,ğŸ™ğŸ«§Tako Protocol,1964332806
OdysseyLee,1853408361,-1662763737497164121,Xixi | Crypto Nomad,ğŸ™ğŸ«§Tako Protocol,1964332806
edward11111,1107735658,8714294766339022158,Edward Z,ğŸ™ğŸ«§Tako Protocol,1964332806
ZEROXSPACEXYZ,1171764167,-8023273036287407372,0xspace,ğŸ™ğŸ«§Tako Protocol,1964332806
pipiluxixi,653349161,-4544576503537410424,Holly@EVG,ğŸ™ğŸ«§Tako Protocol,1964332806
realrashadh,800541786,6735513062102681386,Rashad,ğŸ™ğŸ«§Tako Protocol,1964332806
k_sugawara,1935827346,6524586055911943444,vivian,ğŸ™ğŸ«§Tako Protocol,1964332806
almirsalimov,466925,-2451160312036326271,Almir Salimov,ğŸ™ğŸ«§Tako Protocol,1964332806
Shirley77771,5058555817,3274301448087749288,Shirley 71,ğŸ™ğŸ«§Tako Protocol,1964332806
web3skeptic,572563177,2486160512336041245,Max / prepaidGas.io,ğŸ™ğŸ«§Tako Protocol,1964332806
timmytimmyjellyjelly,1119288853,2741138474226526418,Tim / prepaidGas.io From Berlin,ğŸ™ğŸ«§Tako Protocol,1964332806
Rightehsan,300917326,950706886548477923,rightehsan,ğŸ™ğŸ«§Tako Protocol,1964332806
gwentg,5003382688,-5864483538230296200,Gwen,ğŸ™ğŸ«§Tako Protocol,1964332806
noe_susset,5997083752,-1717920860661318804,Noe Susset,ğŸ™ğŸ«§Tako Protocol,1964332806
mickael_btc,1673814482,6971284386063235119,MickaÃ«l,ğŸ™ğŸ«§Tako Protocol,1964332806
MaxMartelo,5072896547,-8189736232204573833,Maxime | SiBorg,ğŸ™ğŸ«§Tako Protocol,1964332806
pengsun,1110693221,5773452830864041633,Peng SUN,ğŸ™ğŸ«§Tako Protocol,1964332806
Mofengcarl,5700411667,-8879275839884923699,Mofeng|Carl Hu,ğŸ™ğŸ«§Tako Protocol,1964332806
thomazaleko,794424543,3025678833457615632,T.Z. ã€Œ No DMã€,ğŸ™ğŸ«§Tako Protocol,1964332806
EdisonETH,699001986,-2767081452363052372,Edison,ğŸ™ğŸ«§Tako Protocol,1964332806
,2101493978,5244481001711937036,T T,ğŸ™ğŸ«§Tako Protocol,1964332806
hdgjw1594,6174862026,-8606631149422444539,X X â€¢ Zip,ğŸ™ğŸ«§Tako Protocol,1964332806
alicetsaiyi,2085279418,1156348192788128398,Alice | Ambassadors Capital | å¥¹Ta Zhi DAO,ğŸ™ğŸ«§Tako Protocol,1964332806
jisu_soohoio,467051975,3496509926273424994,Jisu | SOOHO.IO,ğŸ™ğŸ«§Tako Protocol,1964332806
zzzzzzella,5327435433,1321100298995505543,Zhong Zella,ğŸ™ğŸ«§Tako Protocol,1964332806
kaspar_chen,1928960425,1230594774702379491,Kaspar Chen,ğŸ™ğŸ«§Tako Protocol,1964332806
Jessekhanhtran,808651192,-7459407779279751630,Jesse Khanh Tran ğŸ‡»ğŸ‡³ğŸ‡«ğŸ‡®,ğŸ™ğŸ«§Tako Protocol,1964332806
,1366511037,-4030843584781632680,Cobb,ğŸ™ğŸ«§Tako Protocol,1964332806
waylice,1971368812,4299255910192277246,Waylice Chang,ğŸ™ğŸ«§Tako Protocol,1964332806
Camillerosee,878557517,-6283112321552290855,Camille ROSÃ‰E,ğŸ™ğŸ«§Tako Protocol,1964332806
web3Wade,2144021634,-374650928156173477,WadeğŸ…¥,ğŸ™ğŸ«§Tako Protocol,1964332806
springkoolaa,903152519,8672451727223590997,Minik Kim,ğŸ™ğŸ«§Tako Protocol,1964332806
moonkimmm,1944467336,-6006139432151561340,kim,ğŸ™ğŸ«§Tako Protocol,1964332806
HanzChan,176670426,3670118947161761619,Hans Chan,ğŸ™ğŸ«§Tako Protocol,1964332806
armonio_liang,1774843007,5312326338908816276,armonio liang,ğŸ™ğŸ«§Tako Protocol,1964332806
JudalZhao,930331802,3907803965408952821,JZ,ğŸ™ğŸ«§Tako Protocol,1964332806
violinvivaldi,538724251,-6489064710324224206,Benjamin Chodroff,ğŸ™ğŸ«§Tako Protocol,1964332806
teodors_s,1247315161,1302553717496763628,Teo,ğŸ™ğŸ«§Tako Protocol,1964332806
Lis_Luo,5199541317,671407487497376069,Lis,ğŸ™ğŸ«§Tako Protocol,1964332806
js_tdn,5444313433,-5880903366428434196,Janine,ğŸ™ğŸ«§Tako Protocol,1964332806
alyshaarshad,6648134455,-4205514654608531974,Alysha Arshad,ğŸ™ğŸ«§Tako Protocol,1964332806
DEBUHO,356192964,-5282559580090933925,ğŸ‘€ DEBUHO,ğŸ™ğŸ«§Tako Protocol,1964332806
Leokclee,472561339,-8733652054384130385,Leonardo LEE,ğŸ™ğŸ«§Tako Protocol,1964332806
amagiaa,2111295260,-751278688305350561,0xamagi,ğŸ™ğŸ«§Tako Protocol,1964332806
theekc,732913361,5259753004713375328,KC,ğŸ™ğŸ«§Tako Protocol,1964332806
sarafadit,1122535374,-6543331399071955790,Aditya,ğŸ™ğŸ«§Tako Protocol,1964332806
Treecox,392214263,2335716736393889341,Leo Park,ğŸ™ğŸ«§Tako Protocol,1964332806
irmantashere,607572955,-2339670532238302069,ğˆğ«ğ¦ğšğ§ğ­ğšğ¬,ğŸ™ğŸ«§Tako Protocol,1964332806
lihui_2000,1913693383,-2134040455426911131,wu ke,ğŸ™ğŸ«§Tako Protocol,1964332806
wenqinwindy,6860994809,1662004420994771873,Wenqin ZHANG,ğŸ™ğŸ«§Tako Protocol,1964332806
ystandsfory,1021073115,1661405824232842005,Y,ğŸ™ğŸ«§Tako Protocol,1964332806
baobaoznft,1876996865,8682660914801130777,gg baoz ğŸğŸ,ğŸ™ğŸ«§Tako Protocol,1964332806
komrade_keeks,389271004,542531452849863101,Keeks,ğŸ™ğŸ«§Tako Protocol,1964332806
hero_yang,1485556540,-1056292624775757170,Hero Trumen World ğŸŒ,ğŸ™ğŸ«§Tako Protocol,1964332806
,7165877179,6496294421367188726,Saltba3,ğŸ™ğŸ«§Tako Protocol,1964332806
leec121,347027573,7609794009674309929,Lee.c,ğŸ™ğŸ«§Tako Protocol,1964332806
ZeroXAngel,1353857634,-2799619444115005104,0xA,ğŸ™ğŸ«§Tako Protocol,1964332806
svistnik,84365268,1981326558330579163,VC | BIO,ğŸ™ğŸ«§Tako Protocol,1964332806
zkzhao,654805622,-4265751563114156306,ZK Zhao,ğŸ™ğŸ«§Tako Protocol,1964332806
ed_moss,1828626668,2783496939508452236,Ed Moss @ DeSo Foundation,ğŸ™ğŸ«§Tako Protocol,1964332806
,2083501075,-1160648173667784581,Ton,ğŸ™ğŸ«§Tako Protocol,1964332806
,5251249142,-1991605714698819451,Lucky,ğŸ™ğŸ«§Tako Protocol,1964332806
albiverse,405769540,1834373133091662090,Louis - @albiverse,ğŸ™ğŸ«§Tako Protocol,1964332806
tyagicapx,1343797462,-2846654333386085358,Tyagi | Capx AI,ğŸ™ğŸ«§Tako Protocol,1964332806
ZconJ,1928544924,8870489258495279843,Jo,ğŸ™ğŸ«§Tako Protocol,1964332806
Wang2040,2130940337,-4188577802763477088,å¯¼ æ±ª,ğŸ™ğŸ«§Tako Protocol,1964332806
Ada_MEXC,5605659296,-8231448144302431480,Ada MEXC listing,ğŸ™ğŸ«§Tako Protocol,1964332806
kt58990,1162284794,6930735303794081481,Tina,ğŸ™ğŸ«§Tako Protocol,1964332806
meguce,1712957498,-3044133914775100649,meguce,ğŸ™ğŸ«§Tako Protocol,1964332806
goldytheboy,854421838,4678846216157284453,Goldy,ğŸ™ğŸ«§Tako Protocol,1964332806
urnotwen,2069804023,-2814336310167874886,Vera Wen,ğŸ™ğŸ«§Tako Protocol,1964332806
Guelster,318385290,-6640562689574870759,ğŸ¥¦ 0xmikelee.eth,ğŸ™ğŸ«§Tako Protocol,1964332806
saurabhsingla,462536241,-7795522667049077326,Saurabh Singla,ğŸ™ğŸ«§Tako Protocol,1964332806
Dannyodunze,5306563839,-6816485658209637465,Daniel Odunze,ğŸ™ğŸ«§Tako Protocol,1964332806
RBPowerTrain,1038123541,6924184953315405202,aw aw,ğŸ™ğŸ«§Tako Protocol,1964332806
Bossmanatx,306512813,-5117157467540739382,Justin S,ğŸ™ğŸ«§Tako Protocol,1964332806
anlingt,5349078330,8495890864705817409,anling,ğŸ™ğŸ«§Tako Protocol,1964332806
fds763,831238641,6860806584145613857,æ¦®è»Eric kuo éƒ­,ğŸ™ğŸ«§Tako Protocol,1964332806
Rose_NFTScan,5749844674,3451661515419309879,Rose Quan GM Vietnam ï¼ˆ4-9ï¼‰ğŸ‡»ğŸ‡³,ğŸ™ğŸ«§Tako Protocol,1964332806
kositk,926195721,9165222445312764055,Kosit Khumsap,ğŸ™ğŸ«§Tako Protocol,1964332806
LukeD1,582045641,3234633193179888905,Luke,ğŸ™ğŸ«§Tako Protocol,1964332806
eason4real,1526521029,-6801596699606723578,Eason Hu,ğŸ™ğŸ«§Tako Protocol,1964332806
shreee4,1188083365,1417829072562121400,shriraj | 0xRivendell,ğŸ™ğŸ«§Tako Protocol,1964332806
dustin19v,1591656906,-6236892706291278570,Dustin Vu,ğŸ™ğŸ«§Tako Protocol,1964332806
natxwang,641357569,744592049852848475,Natx Wang,ğŸ™ğŸ«§Tako Protocol,1964332806
nihao6,328668476,3690039042113018466,y,ğŸ™ğŸ«§Tako Protocol,1964332806
Cryptonique1999,5062383133,-4943089498448914634,Cathie | Nym,ğŸ™ğŸ«§Tako Protocol,1964332806
alvinyap510,518963292,-3011376463792416336,Alvin | Maneki Finance,ğŸ™ğŸ«§Tako Protocol,1964332806
bigrkg,1479233265,-8910866728908418665,Rajat.QuillAudits,ğŸ™ğŸ«§Tako Protocol,1964332806
Qiao_okx,1996458618,6615450277054157559,QIAO Zï½œOKX Wallet,ğŸ™ğŸ«§Tako Protocol,1964332806
iamapoorvgupta,602129376,7030060599440304327,AG redfly.eth ğŸ‡®ğŸ‡³ğŸ‡¦ğŸ‡ª,ğŸ™ğŸ«§Tako Protocol,1964332806
freyaya_01,6085835085,-2452504195736234292,Freya ğŸ¨,ğŸ™ğŸ«§Tako Protocol,1964332806
JoeyBryant,577186057,-1206630516316720363,Joey He,ğŸ™ğŸ«§Tako Protocol,1964332806
matthewttp,5039517709,4134115381999186744,Matthew,ğŸ™ğŸ«§Tako Protocol,1964332806
zelda0x,2138804747,3864546955046264632,zelda0x,ğŸ™ğŸ«§Tako Protocol,1964332806
nscbull,2038112121,-7747221522495927705,J,ğŸ™ğŸ«§Tako Protocol,1964332806
Simonholee,1697584616,2824281464633088972,Simon,ğŸ™ğŸ«§Tako Protocol,1964332806
meganokx,5026932772,8220819390313482425,Meganï½œOKX Web3,ğŸ™ğŸ«§Tako Protocol,1964332806
Jacksontot,6750782225,2939445801858692345,Jackson,ğŸ™ğŸ«§Tako Protocol,1964332806
muttwy,96310906,-1870314056410549999,Matt,ğŸ™ğŸ«§Tako Protocol,1964332806
yylai,438900694,-7551035723862731050,YY@Signum (slow response),ğŸ™ğŸ«§Tako Protocol,1964332806
Beryl_Huang,1852865243,6702035478659160161,Beryl,ğŸ™ğŸ«§Tako Protocol,1964332806
hildarious,435857564,-5730113570414116326,HT ãƒ’ãƒ«ãƒ€,ğŸ™ğŸ«§Tako Protocol,1964332806
web3Gurung,1505578076,-3507223544855880558,web3Gurung,ğŸ™ğŸ«§Tako Protocol,1964332806
,6425785725,-6304817630779718545,R N,ğŸ™ğŸ«§Tako Protocol,1964332806
blockjengirl,544921941,1786517133912146132,Jen Jen,ğŸ™ğŸ«§Tako Protocol,1964332806
DirtSoda,1604011445,4524701254423948298,DirtSoda,ğŸ™ğŸ«§Tako Protocol,1964332806
Yolo4crypto,1653558222,-7719693065958546988,Yolo,ğŸ™ğŸ«§Tako Protocol,1964332806
gajk29,5289219217,-2619728229383732298,Gaj Kathires - Consensus,ğŸ™ğŸ«§Tako Protocol,1964332806
galnextdoor,664655932,-3545609453014781329,R@!nn1eå°é›¨,ğŸ™ğŸ«§Tako Protocol,1964332806
visionary_aamir,1107057083,-7787789991490258259,aamir,ğŸ™ğŸ«§Tako Protocol,1964332806
,6522651629,4615216929094193058,Snowing,ğŸ™ğŸ«§Tako Protocol,1964332806
AAPecherkin,246415135,-1937211821813815381,Anton | B4B.app,ğŸ™ğŸ«§Tako Protocol,1964332806
anshitaksoni1,5948558900,6501591117309131228,Anshita | Capx Collective,ğŸ™ğŸ«§Tako Protocol,1964332806
Coffee_1House,1221291176,-989270750526606054,Mocha | DTC Group |,ğŸ™ğŸ«§Tako Protocol,1964332806
MapleKnight,5964540926,7987551116546702083,Jason Shen,ğŸ™ğŸ«§Tako Protocol,1964332806
robertgraham24,1649327044,5255079890815045869,Robert Graham,ğŸ™ğŸ«§Tako Protocol,1964332806
highkeyco,936833793,2426794229590924988,Jordan (HighKey),ğŸ™ğŸ«§Tako Protocol,1964332806
tallgraffe,6666297664,-4978684464021836027,Xin Yi | DWF Ventures,ğŸ™ğŸ«§Tako Protocol,1964332806
regison_zzz,5479199673,1091383206053638615,Regison,ğŸ™ğŸ«§Tako Protocol,1964332806
PosSeb0,501164174,-5184603683139857593,Seb,ğŸ™ğŸ«§Tako Protocol,1964332806
BitMEX_Hollie,5898773736,-4268152336459934287,BitMEX Hollie,ğŸ™ğŸ«§Tako Protocol,1964332806
findyourself2024,379343214,7260072929876574097,Serena,ğŸ™ğŸ«§Tako Protocol,1964332806
vincentcch,968556794,-3737793656451308799,Vincent,ğŸ™ğŸ«§Tako Protocol,1964332806
Mustafin,8468920,6233844623476692955,Tim Mustafin,ğŸ™ğŸ«§Tako Protocol,1964332806
VincentZzzh,5067146180,-6986830746290415537,Vincent Z,ğŸ™ğŸ«§Tako Protocol,1964332806
Carryhey,5707331462,-370648436813923557,Selina Wang,ğŸ™ğŸ«§Tako Protocol,1964332806
tommydeng,662310072,2360633564942696292,Tommy,ğŸ™ğŸ«§Tako Protocol,1964332806
vivian_1016,5731980373,8466709589437716568,Vivian,ğŸ™ğŸ«§Tako Protocol,1964332806
Chetanya27,998817531,-2679629858561756260,Chetanya,ğŸ™ğŸ«§Tako Protocol,1964332806
BlackHDF,717624573,-7507304283503069469,John,ğŸ™ğŸ«§Tako Protocol,1964332806
julietsu,395455347,7937590058490023501,Juliet Su,ğŸ™ğŸ«§Tako Protocol,1964332806
IvanInWeb3,5243240713,5621865737078492161,Ivan l StakeStone,ğŸ™ğŸ«§Tako Protocol,1964332806
Perry_Saprolings,6016367700,3346267016562474942,Perry Saprolings,ğŸ™ğŸ«§Tako Protocol,1964332806
reffogeb,5034040241,4391615449565780458,reffo | Puffpaw,ğŸ™ğŸ«§Tako Protocol,1964332806
,241342791,1955214128399944153,Ronald,ğŸ™ğŸ«§Tako Protocol,1964332806
ConnieCchan,1951703622,2039762605853843461,Connie|Footprint Analytics,ğŸ™ğŸ«§Tako Protocol,1964332806
realLyvz,5979401002,-6427290637394481252,"Lyv@Austin CSC24, Slow Reply",ğŸ™ğŸ«§Tako Protocol,1964332806
Tonyzhao,1082477886,-1074043849710412069,Tony å¡å¡è¥¿ allinweb3,ğŸ™ğŸ«§Tako Protocol,1964332806
kris_finoverse,55034886,-1036053732390494437,Kris | Finoverse,ğŸ™ğŸ«§Tako Protocol,1964332806
Jasmine_cfx,1028968257,2569510832356083462,Jasmine@conflux network,ğŸ™ğŸ«§Tako Protocol,1964332806
alan_meta,1772183683,-7915886595743629766,Alan meta,ğŸ™ğŸ«§Tako Protocol,1964332806
JoeyOKX,6718536822,-6368642776758416300,Joey OKX | X Layer âœ¨,ğŸ™ğŸ«§Tako Protocol,1964332806
Erika_chick,951816768,-1064276508880324256,Eric | OKX,ğŸ™ğŸ«§Tako Protocol,1964332806
hannahwy,5674691793,-5495084758136840092,Hannah,ğŸ™ğŸ«§Tako Protocol,1964332806
StanleyLiu618,6624566680,252203947781682488,Stanley Liu,ğŸ™ğŸ«§Tako Protocol,1964332806
Lawxigen,641334848,-8453819456346085817,Lawrence X.,ğŸ™ğŸ«§Tako Protocol,1964332806
mehmetcanbudak,722910569,-1438961287399367195,Mehmetcan | Citrea ğŸŠğŸ‹,ğŸ™ğŸ«§Tako Protocol,1964332806
HenryZHY,1781341492,-7698716367957953759,Henry Zhang,ğŸ™ğŸ«§Tako Protocol,1964332806
keshhu,6243075723,8156192286970272090,Keshav K,ğŸ™ğŸ«§Tako Protocol,1964332806
aviral10x,1192692213,-4344125052000438972,Aviral,ğŸ™ğŸ«§Tako Protocol,1964332806
DennisD,745235567,1840328360429610679,Dennis,ğŸ™ğŸ«§Tako Protocol,1964332806
tonycst,5550815793,5323471504348960114,Tony | Bitmart,ğŸ™ğŸ«§Tako Protocol,1964332806
TurboGuo,1303592069,-5190166608081590233,Turbo,ğŸ™ğŸ«§Tako Protocol,1964332806
nnnnnicolelin,5497758853,-4908996129823514354,Nicole,ğŸ™ğŸ«§Tako Protocol,1964332806
Qiuu999,5573469478,7486123950713096809,Fanqiu C,ğŸ™ğŸ«§Tako Protocol,1964332806
Rackhael,1870710933,8776624869740405179,Rackhael A,ğŸ™ğŸ«§Tako Protocol,1964332806
,6958170960,-7404384909291152757,guji,ğŸ™ğŸ«§Tako Protocol,1964332806
shengrenmo,516033118,2309403382290288203,Shengren Mo,ğŸ™ğŸ«§Tako Protocol,1964332806
rxginax,671267722,1164898816986991650,Regina | StraitsX,ğŸ™ğŸ«§Tako Protocol,1964332806
icecreamscoop,976146308,2287847626797261797,Jun,ğŸ™ğŸ«§Tako Protocol,1964332806
zoeywood,1923978777,-7738599168056452487,Zoey Wood,ğŸ™ğŸ«§Tako Protocol,1964332806
pizzachong0921,1794899287,1511095608379249283,Peter C. | MMSolutions,ğŸ™ğŸ«§Tako Protocol,1964332806
jsf_0125,5443283249,-7630982882172132137,Johna2an | YTWO,ğŸ™ğŸ«§Tako Protocol,1964332806
,6215894458,2406321337644040767,Lirpatt,ğŸ™ğŸ«§Tako Protocol,1964332806
arthurweb3,304718999,-1732815957653277672,Arthur,ğŸ™ğŸ«§Tako Protocol,1964332806
WilliamHong,1622886118,9059588957929047369,William H | ZeroX Gaming,ğŸ™ğŸ«§Tako Protocol,1964332806
Marinacc789,994594103,7385002953018284331,MarinağŸ’›,ğŸ™ğŸ«§Tako Protocol,1964332806
Allen3ID,6107999086,-1090577151994508632,Allen Chow | AI on Web3,ğŸ™ğŸ«§Tako Protocol,1964332806
minion0x,315164592,784462403511502100,Minion (Slow Response),ğŸ™ğŸ«§Tako Protocol,1964332806
t_achita,6043692902,3394174957317093591,0xA,ğŸ™ğŸ«§Tako Protocol,1964332806
Lin_xp,737142354,2498923500915292477,Aemon,ğŸ™ğŸ«§Tako Protocol,1964332806
lotuslotusdotbit,1711273176,6377444042577878788,LotusLotus.bit,ğŸ™ğŸ«§Tako Protocol,1964332806
RickCrosschain,774602555,-5131320142370985116,Rick Crosschain,ğŸ™ğŸ«§Tako Protocol,1964332806
mynameiscj,54562782,5608951861895540274,CJ @FishMarketAcad | Demex,ğŸ™ğŸ«§Tako Protocol,1964332806
garyannepark,5596839430,7557894417474542652,Gary,ğŸ™ğŸ«§Tako Protocol,1964332806
imaginst,946606241,-821241349297735488,Sup l Booost,ğŸ™ğŸ«§Tako Protocol,1964332806
Morning_kroket,502685085,-3804721486592144089,Morning Hello,ğŸ™ğŸ«§Tako Protocol,1964332806
elwgrich,5150502939,5314336416840973918,Mia,ğŸ™ğŸ«§Tako Protocol,1964332806
satbalwyn,1819209799,7044960773554643816,satbalwyn,ğŸ™ğŸ«§Tako Protocol,1964332806
Jakub_Sawczuk,514835626,4341519208984082930,Jakub | AEM algorithm | Mr.Journaler,ğŸ™ğŸ«§Tako Protocol,1964332806
syoh9267,5080856181,151502112377542534,SY OH,ğŸ™ğŸ«§Tako Protocol,1964332806
shawnw1806,1870819964,1113145293444646142,Shawn,ğŸ™ğŸ«§Tako Protocol,1964332806
bobbysim,746362791,6148920788703291417,Bobby,ğŸ™ğŸ«§Tako Protocol,1964332806
Ivy615,5841300466,6126714045317796264,Ivy Chen,ğŸ™ğŸ«§Tako Protocol,1964332806
BlurryFace04,1247134146,5658386525901035271,Arnav,ğŸ™ğŸ«§Tako Protocol,1964332806
designerhv,554673663,7097575591366399526,Web7 TimeLord ğŸ‘¨â€ğŸ’» Clubout,ğŸ™ğŸ«§Tako Protocol,1964332806
Utopi_AL,6276714494,-1345376199536924583,UtopiAL,ğŸ™ğŸ«§Tako Protocol,1964332806
Lony_GBC,5914702083,6441134920722833013,Lony GBC,ğŸ™ğŸ«§Tako Protocol,1964332806
degenrsc,1905697223,-2553118662428637428,Rohit Chauhan,ğŸ™ğŸ«§Tako Protocol,1964332806
tjonair,454081983,-3784502800733322915,Tejas,ğŸ™ğŸ«§Tako Protocol,1964332806
defivas,478267659,-6159708731115969950,DeFi Vas | Velvet.Capital,ğŸ™ğŸ«§Tako Protocol,1964332806
audreytang,1600747851,-4005611061528032398,Audrey Tang,ğŸ™ğŸ«§Tako Protocol,1964332806
ankraj2,606705429,6115704658048091044,Ankit | Rise In,ğŸ™ğŸ«§Tako Protocol,1964332806
,797069111,1746614840619671065,David C | Animoca,ğŸ™ğŸ«§Tako Protocol,1964332806
rukyane23,220833978,-1280510767072629324,Stanley Ivan,ğŸ™ğŸ«§Tako Protocol,1964332806
Jeremy8866,5409419603,-4073540651415093643,Jeremy,ğŸ™ğŸ«§Tako Protocol,1964332806
yumoyu,1498280462,-4810500269438695736,Yumo,ğŸ™ğŸ«§Tako Protocol,1964332806
iamahmadk,895763909,-909476561904200362,Ahmad ğŸ›« ğŸ‡¹ğŸ‡­ ğŸ‡ºğŸ‡¸,ğŸ™ğŸ«§Tako Protocol,1964332806
pkwon10,1803226863,4291905622226344540,Philip | Supra,ğŸ™ğŸ«§Tako Protocol,1964332806
Aashish653,6092288696,-6413318891057638949,Aashish,ğŸ™ğŸ«§Tako Protocol,1964332806
DariaP123,1035476355,6629464867358704718,Daria P,ğŸ™ğŸ«§Tako Protocol,1964332806
ATMATMATMATMATMATMATMATMATMATM,597743758,-1860748277035113220,â™•ğŸ“GMVIETNAMğŸ‡»ğŸ‡³,ğŸ™ğŸ«§Tako Protocol,1964332806
tpstm1009,440890640,4052878581334022405,G Q,ğŸ™ğŸ«§Tako Protocol,1964332806
Yokazhou,1799527281,6280049065038444150,Yoka | ICC x ABGA (CEO/Secretary-general) ğŸ’œ,ğŸ™ğŸ«§Tako Protocol,1964332806
Web3_Drive,506849340,-1791726829130480927,Cliff,ğŸ™ğŸ«§Tako Protocol,1964332806
wkykira,175677583,3805977983541934485,Kira,ğŸ™ğŸ«§Tako Protocol,1964332806
DimoStudi0,5714447959,-1583872865836763677,DIMOSTUDIO,ğŸ™ğŸ«§Tako Protocol,1964332806
GirlJustWannaHaveFunds,556248756,-7501052359063404826,Rachel,ğŸ™ğŸ«§Tako Protocol,1964332806
zyy1992qqcom,1241694587,-3769576158220560351,zyy1992qqcom,ğŸ™ğŸ«§Tako Protocol,1964332806
daysolace,1610477895,4467141797970163560,Lacey | Protocol Labs Fund,ğŸ™ğŸ«§Tako Protocol,1964332806
Dubaigb,1047465546,4203740211160400638,ğ”¾ğ”¹ á´áªá«áªá«,ğŸ™ğŸ«§Tako Protocol,1964332806
Freean0n,321346215,-9066824231764867955,Anon ğŸ”¥,ğŸ™ğŸ«§Tako Protocol,1964332806
Halbstein,1868052018,-2661349380488875919,Nicole,ğŸ™ğŸ«§Tako Protocol,1964332806
gobananas929,1004180699,-2304979475801852540,Jessy / Bananaï½œGrenade.tw,ğŸ™ğŸ«§Tako Protocol,1964332806
yang2045,5479421558,7328275499908244324,Yang2045,ğŸ™ğŸ«§Tako Protocol,1964332806
Jessiex0913,5719602242,-6270288576944574846,Jessie,ğŸ™ğŸ«§Tako Protocol,1964332806
agnes0x,1072239278,-3144610061121836256,Agnes | Almanak,ğŸ™ğŸ«§Tako Protocol,1964332806
Amitku09,408957936,789501149058786545,Amit OG Club,ğŸ™ğŸ«§Tako Protocol,1964332806
Willone_1,1203317360,2257698404692186128,Will,ğŸ™ğŸ«§Tako Protocol,1964332806
pembroki,875302433,-3649912095330653246,Ivan,ğŸ™ğŸ«§Tako Protocol,1964332806
MichaelVOBC,415914940,-6647529660135096149,Michael Yang,ğŸ™ğŸ«§Tako Protocol,1964332806
wendyzhang,5318777224,5657595819194482269,0xWendy,ğŸ™ğŸ«§Tako Protocol,1964332806
harrisongold,537333921,4513518699590207605,Harrison @ Owl Protocol [Taipei],ğŸ™ğŸ«§Tako Protocol,1964332806
caridefi,1703577356,-102685923214874037,caridee,ğŸ™ğŸ«§Tako Protocol,1964332806
duokes,511612780,143548711219007876,dorcas,ğŸ™ğŸ«§Tako Protocol,1964332806
zhiqi_o,197085821,1745602752914461333,zhiqi,ğŸ™ğŸ«§Tako Protocol,1964332806
abbylow,872223235,-2735271876813374143,AB,ğŸ™ğŸ«§Tako Protocol,1964332806
WalterHuang,613668857,-5628190889729185917,Walter Huang,ğŸ™ğŸ«§Tako Protocol,1964332806
hardman_eth,5155294812,-2348558471004063593,0xhardman | LXDAO,ğŸ™ğŸ«§Tako Protocol,1964332806
Dorisbettyboots,5577928232,6256762304912722814,@11 Doris,ğŸ™ğŸ«§Tako Protocol,1964332806
Michael_SNZ,1332991601,8885627685600793497,Michael WEN,ğŸ™ğŸ«§Tako Protocol,1964332806
Apple1992,417579923,3025686519014060174,Jonathan Cheung | CMCC Global,ğŸ™ğŸ«§Tako Protocol,1964332806
open_networks,6395610425,3026113739213532055,TGG,ğŸ™ğŸ«§Tako Protocol,1964332806
illuminaughty_13,249525720,982502540877599344,Mikhail Rybakov,ğŸ™ğŸ«§Tako Protocol,1964332806
mrjmerik,1149018683,7199333329006485598,Erik,ğŸ™ğŸ«§Tako Protocol,1964332806
zaimokuza9433,1928668714,2009002888343920975,Jin,ğŸ™ğŸ«§Tako Protocol,1964332806
SecAudit,5380546736,-6401398412270119352,Lydia|Beosin Sec Audit,ğŸ™ğŸ«§Tako Protocol,1964332806
luisgruson,1956469977,9206311303983935146,Luis Gruson,ğŸ™ğŸ«§Tako Protocol,1964332806
web3dealflow,1040388856,-8887837391777457059,Adam Kang ğŸ‰ WÎB3TRAVÎLÎR,ğŸ™ğŸ«§Tako Protocol,1964332806
zxl1992,1388591922,-2544290824602715706,pisimai,ğŸ™ğŸ«§Tako Protocol,1964332806
Tonu_001,5408039901,-1873880064037961768,Moonrise â–,ğŸ™ğŸ«§Tako Protocol,1964332806
MissRose_bot,609517172,5420777147245755835,Rose,ğŸ™ğŸ«§Tako Protocol,1964332806
luochang,357164511,1117052262228422924,0xluo.eth (on farcaster),ğŸ™ğŸ«§Tako Protocol,1964332806
hakmark,1247178569,796693454443362039,Marek H,ğŸ™ğŸ«§Tako Protocol,1964332806
weili0x,5427954134,-8477105012865750102,Wei Li,ğŸ™ğŸ«§Tako Protocol,1964332806
nik_flip_it,1311274373,-5178539052879347367,Nik,ğŸ™ğŸ«§Tako Protocol,1964332806
LeonEntyS,1661542041,8249586566693657421,Leon@HK,ğŸ™ğŸ«§Tako Protocol,1964332806
gfw1990,550108172,4561259801301249564,Adam | L2SCAN,ğŸ™ğŸ«§Tako Protocol,1964332806
enelrj,784344722,-7746887530169816536,ene,ğŸ™ğŸ«§Tako Protocol,1964332806
Bcog55,5384508088,-5147290804753731015,Brendan Coughlan | Eigenlabs,ğŸ™ğŸ«§Tako Protocol,1964332806
optimystic_eth,637767975,-4631786331519965955,optimystic,ğŸ™ğŸ«§Tako Protocol,1964332806
weigor,436954215,-3263402182086845152,#R R,ğŸ™ğŸ«§Tako Protocol,1964332806
abishekinguout,503438046,-1716624368504966315,Abi in NY Tech Week ğŸ—½,ğŸ™ğŸ«§Tako Protocol,1964332806
avelykyy,120923528,-3887253835502268576,Andriy,ğŸ™ğŸ«§Tako Protocol,1964332806
OxPlutoo,5831786104,-2386550240627134960,Pluto |ã€‡ Particle.Trade,ğŸ™ğŸ«§Tako Protocol,1964332806
yangwao,117346283,1279454135812775622,Matej yangWao,ğŸ™ğŸ«§Tako Protocol,1964332806
,6849706352,3986860574409092445,lqqnbgesdad jhlfj,ğŸ™ğŸ«§Tako Protocol,1964332806
Damselfly1,384557323,2275271549544039576,dammy Lola,ğŸ™ğŸ«§Tako Protocol,1964332806
,6978555275,5090984936973064095,,ğŸ™ğŸ«§Tako Protocol,1964332806
Arthur_CMO,5295969263,-3909541507658576194,Arthur l Bull crypto team,ğŸ™ğŸ«§Tako Protocol,1964332806
,6757008825,-3730008728748868854,,ğŸ™ğŸ«§Tako Protocol,1964332806
Rickyprasetya1,1162052095,-7565908352169766876,Qnoy,ğŸ™ğŸ«§Tako Protocol,1964332806
Chunjia_0x,5998602676,-554460630961671983,ä½³ æ·³,ğŸ™ğŸ«§Tako Protocol,1964332806
intothenetwork,5092815180,2799577908774669431,intothenetwork,ğŸ™ğŸ«§Tako Protocol,1964332806
nanakodesu,5474523938,1673050443280287868,Luna,ğŸ™ğŸ«§Tako Protocol,1964332806
